Given Name,Amount,Position
CHARLOTTE,139,1
OLIVIA,123,2
AVA,116,3
MIA,103,4
AMELIA,96,5
EVIE,94,6
EMILY,85,7
ISLA,84,8
RUBY,81,9
ELLA,80,10
SOPHIE,80,10
CHLOE,75,12
HARPER,75,12
GRACE,69,14
LILY,69,14
LUCY,68,16
IVY,67,17
MATILDA,66,18
ARIA,65,19
ISABELLA,65,19
EVELYN,64,21
ZOE,64,21
SCARLETT,56,23
SOPHIA,55,24
HANNAH,53,25
SIENNA,53,25
EVA,51,27
GEORGIA,50,28
ZARA,50,28
MADDISON,46,30
EMMA,43,31
MILA,43,31
AUDREY,42,33
ISABELLE,42,33
PIPER,42,33
WILLOW,42,33
VIOLET,41,37
SAVANNAH,40,38
LAYLA,39,39
ABIGAIL,38,40
IMOGEN,37,41
SARAH,34,42
ALICE,33,43
MACKENZIE,33,43
ELLIE,32,45
ADDISON,31,46
ANNA,31,46
HARRIET,30,48
MADISON,30,48
SOFIA,29,50
HAZEL,28,51
JASMINE,28,51
PAIGE,28,51
PEYTON,27,54
ESTHER,26,55
LARA,26,55
POPPY,26,55
ALEXIS,25,58
AYLA,25,58
PHOEBE,25,58
ELIZA,24,61
STELLA,24,61
CHELSEA,23,63
ELEANOR,22,64
LILLY,22,64
ALYSSA,21,66
ELOISE,21,66
EMILIA,21,66
FRANKIE,21,66
HOLLY,21,66
QUINN,21,66
SUMMER,21,66
DAISY,20,73
ELSIE,20,73
INDIANA,20,73
JESSICA,20,73
LOLA,20,73
OLIVE,20,73
ANNABELLE,19,79
CLAIRE,19,79
ISABEL,19,79
MAYA,19,79
PENELOPE,19,79
VICTORIA,19,79
CLARA,18,85
EBONY,18,85
ELISE,18,85
FLORENCE,18,85
HAYLEY,18,85
MADELINE,18,85
ARABELLA,17,91
BELLA,17,91
GRACIE,17,91
MAGGIE,17,91
NEVAEH,17,91
ADELINE,16,96
AMBER,16,96
ARIANA,16,96
KAYLEE,16,96
LACEY,16,96
LYLA,16,96
SADIE,16,96
SKYE,16,96
THEA,16,96
MADELEINE,15,105
MARIA,15,105
AALIYAH,14,107
ANASTASIA,14,107
AUBREY,14,107
BROOKLYN,14,107
HARLOW,14,107
MARLEY,14,107
PIPPA,14,107
ROSE,14,107
ALEXIA,13,115
CHARLI,13,115
ELENA,13,115
ELIZABETH,13,115
EVE,13,115
LILAH,13,115
MOLLY,13,115
NATALIE,13,115
SARA,13,115
ABBY,12,124
ADELE,12,124
AMELIE,12,124
FREYA,12,124
LILA,12,124
VALENTINA,12,124
ALANA,11,130
ANNABEL,11,130
ASHA,11,130
AURORA,11,130
BAILEY,11,130
BILLIE,11,130
HALLE,11,130
HEIDI,11,130
INDI,11,130
INDIE,11,130
ISOBEL,11,130
JADE,11,130
KAYLA,11,130
LEAH,11,130
LEILA,11,130
MABEL,11,130
MAISIE,11,130
MILLIE,11,130
ZAHRA,11,130
ZOEY,11,130
AMARA,10,150
AUBREE,10,150
AVERY,10,150
BETHANY,10,150
DAKOTA,10,150
EDEN,10,150
INDIGO,10,150
KENZIE,10,150
KIARA,10,150
LYDIA,10,150
MACEY,10,150
RILEY,10,150
WINTER,10,150
ADA,9,163
AISHA,9,163
ALEXA,9,163
ALICIA,9,163
ANNIE,9,163
CHARLIE,9,163
INDIANNA,9,163
KATE,9,163
LANA,9,163
MARLEE,9,163
SAMANTHA,9,163
ADELAIDE,8,174
ADELYN,8,174
AMAYA,8,174
ANGELINA,8,174
BONNIE,8,174
EDITH,8,174
ELLE,8,174
EMILIE,8,174
ERIN,8,174
ESTELLE,8,174
EVERLY,8,174
GABRIELLE,8,174
GLORIA,8,174
JENNIFER,8,174
KAITLYN,8,174
LAUREN,8,174
LEXIE,8,174
LILLIAN,8,174
MADELYN,8,174
MAHALIA,8,174
MILLA,8,174
MYA,8,174
NICOLE,8,174
ROSIE,8,174
TAHLIA,8,174
TALIA,8,174
TESSA,8,174
TIA,8,174
AIRLIE,7,202
ALEXANDRA,7,202
ALLEGRA,7,202
ANIKA,7,202
ANNIKA,7,202
APRIL,7,202
BRIDGET,7,202
CELESTE,7,202
CHRISTINA,7,202
DELILAH,7,202
EDIE,7,202
ELIANA,7,202
GEORGIE,7,202
JULIA,7,202
KATIE,7,202
KEIRA,7,202
MAKAYLA,7,202
NINA,7,202
REBECCA,7,202
RYLEE,7,202
SASHA,7,202
SCARLET,7,202
SKYLAH,7,202
TAYLOR,7,202
TILLY,7,202
TULLY,7,202
WILLA,7,202
WINNIE,7,202
ADRIANA,6,230
ALANNAH,6,230
ALEENA,6,230
ALINA,6,230
ARIEL,6,230
CIARA,6,230
DANIELLA,6,230
DIANA,6,230
ELAINA,6,230
ELODIE,6,230
EMERSON,6,230
EVANGELINE,6,230
FAITH,6,230
FELICITY,6,230
FRANCESCA,6,230
GABRIELLA,6,230
HADLEY,6,230
HELENA,6,230
IRIS,6,230
JOANNA,6,230
JORDAN,6,230
JORDYN,6,230
KHLOE,6,230
LAURA,6,230
LENI,6,230
LEXI,6,230
LILIANA,6,230
LOTTIE,6,230
LUCINDA,6,230
MACY,6,230
MELODY,6,230
MIKAYLA,6,230
MIRA,6,230
NATALIA,6,230
NIAMH,6,230
NORAH,6,230
PEARL,6,230
RACHEL,6,230
SAGE,6,230
SIA,6,230
TARA,6,230
TIANA,6,230
YASMIN,6,230
ADALINE,5,273
ADALYN,5,273
ALESSIA,5,273
ALIYA,5,273
AMY,5,273
ANGELA,5,273
ARIELLE,5,273
ARIYA,5,273
ASHLEIGH,5,273
ATHENA,5,273
AUTUMN,5,273
AYVA,5,273
BLAKE,5,273
BRIANNA,5,273
BRIDIE,5,273
BROOKE,5,273
CATHERINE,5,273
CHANTELLE,5,273
CORA,5,273
DAPHNE,5,273
DARCY,5,273
DOROTHY,5,273
ELINA,5,273
ELLEN,5,273
ELLIOT,5,273
GEMMA,5,273
HOPE,5,273
KARA,5,273
KIANA,5,273
KIRA,5,273
KYLAH,5,273
LIANA,5,273
LULU,5,273
MACI,5,273
MAE,5,273
MARGOT,5,273
MYRA,5,273
NAVYA,5,273
NORA,5,273
ORLA,5,273
PARIS,5,273
RIYA,5,273
SANA,5,273
SERENA,5,273
SIENA,5,273
SIERRA,5,273
SKYLA,5,273
TAYLA,5,273
TIFFANY,5,273
VIVIENNE,5,273
XANTHE,5,273
ABBEY,4,324
AMAIA,4,324
ANGELIQUE,4,324
ANNALISE,4,324
ASHLEY,4,324
BAILEE,4,324
BIANCA,4,324
BLAIR,4,324
CAITLIN,4,324
CALI,4,324
CARLA,4,324
CHARLEE,4,324
CLEMENTINE,4,324
DARCIE,4,324
ELKE,4,324
ELORA,4,324
FATIMA,4,324
FLEUR,4,324
FRANCES,4,324
GISELLE,4,324
HARLEY,4,324
HARMONY,4,324
HAVANA,4,324
INDY,4,324
JACINTA,4,324
JACQUELINE,4,324
KAIA,4,324
KATHERINE,4,324
LANI,4,324
LARISSA,4,324
LEONA,4,324
LILLIE,4,324
LISA,4,324
LUNA,4,324
MACIE,4,324
MADDIE,4,324
MAEVE,4,324
MAIA,4,324
MALIA,4,324
MIKAELA,4,324
MILANIA,4,324
MILLY,4,324
MIRANDA,4,324
MONIQUE,4,324
MONTANA,4,324
MURPHY,4,324
NEVE,4,324
PAYTON,4,324
PHILIPPA,4,324
SANVI,4,324
SAVANNA,4,324
SEREN,4,324
SERENITY,4,324
SHAYLA,4,324
SLOANE,4,324
STEPHANIE,4,324
VERONICA,4,324
WYNTER,4,324
ZAINAB,4,324
ABBIE,3,383
ACACIA,3,383
ADDILYN,3,383
AIZAH,3,383
ALANNA,3,383
ALAYNA,3,383
ALISA,3,383
ALISHA,3,383
ALISON,3,383
ALIVIA,3,383
AMALIA,3,383
AMIRAH,3,383
AMITY,3,383
AMREEN,3,383
ANAM,3,383
ANAYA,3,383
ANDIE,3,383
ANGEL,3,383
ANNABELLA,3,383
ANNELISE,3,383
ARIAH,3,383
ARYA,3,383
ASHER,3,383
ASHLYN,3,383
ASTRID,3,383
AURELIA,3,383
AVLEEN,3,383
AYLAH,3,383
AYSHA,3,383
BEATRIX,3,383
BREE,3,383
BRONTE,3,383
CAITLYN,3,383
CAMILLA,3,383
CAMILLE,3,383
CECILIA,3,383
CHARLIZE,3,383
CHIARA,3,383
CLARE,3,383
CLAUDIA,3,383
DALLAS,3,383
DANA,3,383
DARCEY,3,383
EKNOOR,3,383
ELISA,3,383
ELKA,3,383
ELLIANA,3,383
ELOUISE,3,383
ELYSE,3,383
EMELIA,3,383
ESME,3,383
FLORA,3,383
GEORGINA,3,383
GIA,3,383
GINA,3,383
HAILEY,3,383
HANA,3,383
HANNA,3,383
HARRIETT,3,383
HARRIETTE,3,383
HATTIE,3,383
HAYLEE,3,383
HENLEY,3,383
IVANA,3,383
IVIE,3,383
IYLAH,3,383
JAYDA,3,383
JESSIE,3,383
JOSEPHINE,3,383
JUDITH,3,383
KATELYN,3,383
KAYLEIGH,3,383
KEELEY,3,383
KELLY,3,383
KELSEY,3,383
KOA,3,383
KRISHA,3,383
LAYLAH,3,383
LIANNA,3,383
LILLIANA,3,383
LILLITH,3,383
LILY-ROSE,3,383
LIV,3,383
LONDON,3,383
LOTTI,3,383
LOUISE,3,383
LYLAH,3,383
MAKENNA,3,383
MAKENZIE,3,383
MAPLE,3,383
MARA,3,383
MARIAH,3,383
MARLIE,3,383
MAYLA,3,383
MCKENZIE,3,383
MEG,3,383
MEIKA,3,383
MELANIE,3,383
MICHAELA,3,383
MICHELLE,3,383
MIKA,3,383
MILAH,3,383
MINA,3,383
MONICA,3,383
MORGAN,3,383
MYAH,3,383
NANCY,3,383
NATALIJA,3,383
NELLIE,3,383
OCTAVIA,3,383
PENNY,3,383
PHOENIX,3,383
PIA,3,383
PRISHA,3,383
REBEKAH,3,383
RIVER,3,383
RUTH,3,383
SABA,3,383
SABINE,3,383
SAHAR,3,383
SAMARA,3,383
SAPPHIRE,3,383
SELINA,3,383
SHAE,3,383
SHREYA,3,383
STEVIE,3,383
SUKHMANI,3,383
SUSANNA,3,383
SYLVIA,3,383
TRINITY,3,383
VIVIEN,3,383
ZAHARA,3,383
ZAHLI,3,383
ZALI,3,383
ZARAH,3,383
AAHANA,2,518
AAIRAH,2,518
AANYA,2,518
AARADHYA,2,518
AARNA,2,518
AAZEEN,2,518
ABIHA,2,518
ABUK,2,518
ADALIA,2,518
ADALIND,2,518
ADIA,2,518
ADILYN,2,518
ADITI,2,518
AIDA,2,518
AILISH,2,518
AIZA,2,518
AKER,2,518
AKIRA,2,518
ALEAH,2,518
ALEAHA,2,518
ALEEAH,2,518
ALESHA,2,518
ALESSA,2,518
ALESSANDRA,2,518
ALEXANDRIA,2,518
ALEYAH,2,518
ALI,2,518
ALIANA,2,518
ALIRAH,2,518
ALISSA,2,518
ALIYAH,2,518
ALLIRA,2,518
ALUEL,2,518
ALYSSIA,2,518
AMAHLI,2,518
AMAIRA,2,518
AMALI,2,518
AMALIAH,2,518
AMANI,2,518
AMIRA,2,518
ANGELICA,2,518
ANISA,2,518
ANJA,2,518
ANYA,2,518
APAJOK,2,518
AREK,2,518
ARIANNA,2,518
ARIYAH,2,518
ARLO,2,518
ARSHNOOR,2,518
ASHLEE,2,518
ASIYA,2,518
AVAH,2,518
AVANTIKA,2,518
AVARY,2,518
AVNOOR,2,518
AVREET,2,518
AYESHA,2,518
AYRA,2,518
AZALEA,2,518
AZALIA,2,518
AZARIAH,2,518
BATOOL,2,518
BELINDA,2,518
BETTINA,2,518
BODHI,2,518
BROOKLYNN,2,518
BRYLEE,2,518
CAILA,2,518
CALLIE,2,518
CANDICE,2,518
CAROLINE,2,518
CASEY,2,518
CASSANDRA,2,518
CASSIE,2,518
CEDAR,2,518
CELINA,2,518
CELINE,2,518
CHARLETTE,2,518
CHELSIE,2,518
CHRISTINE,2,518
CIANNA,2,518
CLEO,2,518
CLOVER,2,518
COCO,2,518
CONNIE,2,518
CORDELIA,2,518
DALIA,2,518
DANIKA,2,518
DARCI,2,518
DEBORAH,2,518
DELLA,2,518
DEMI,2,518
DENVER,2,518
DESTINY,2,518
DHANVI,2,518
DORA,2,518
DORCAS,2,518
EASTON,2,518
EDWINA,2,518
EILEEN,2,518
ELIA,2,518
ELISABETH,2,518
ELISSA,2,518
ELLIA,2,518
ELLIS,2,518
ELLYSE,2,518
EMBER,2,518
EMERALD,2,518
EMERSYN,2,518
EMMY,2,518
ENID,2,518
ERIKA,2,518
ESHAAL,2,518
ESMAE,2,518
ESSIE,2,518
ETTA,2,518
EVELINA,2,518
EVERLEY,2,518
FINLEY,2,518
FIONA,2,518
GENEVIEVE,2,518
GIADA,2,518
GIANNA,2,518
GURLEEN,2,518
HADASSAH,2,518
HALEY,2,518
HALLIE,2,518
HANIYA,2,518
HARLEEN,2,518
HARNOOR,2,518
HAYDEN,2,518
HEATHER,2,518
HEAVEN,2,518
HOLLIE,2,518
HOORAIN,2,518
ISA,2,518
ISHANI,2,518
ISLAH,2,518
IVORY,2,518
IZABELLA,2,518
JADA,2,518
JAIME,2,518
JAPJI,2,518
JASLEEN,2,518
JASMIN,2,518
JAZMYN,2,518
JEEL,2,518
JEMIMA,2,518
JEMMA,2,518
JENNA,2,518
JENNY,2,518
JIYA,2,518
JOANNE,2,518
JOCELYN,2,518
JOHANNA,2,518
JORJA,2,518
JOSIE,2,518
JOY,2,518
JUNE,2,518
JUNIPER,2,518
JUNO,2,518
KAILEY,2,518
KARLA,2,518
KATALINA,2,518
KAVYA,2,518
KAYDENCE,2,518
KEELY,2,518
KELSIE,2,518
KENDALL,2,518
KENNEDY,2,518
KENSI,2,518
KIARNA,2,518
KIMBERLY,2,518
KIRRA,2,518
KOBIE,2,518
KRISTINA,2,518
KYRA,2,518
KYRAH,2,518
LACI,2,518
LAILA,2,518
LAINEY,2,518
LAKITA,2,518
LILITH,2,518
LILLA,2,518
LIYANA,2,518
LOIS,2,518
LOUISA,2,518
LUCA,2,518
LUCIA,2,518
LUELLA,2,518
LYRA,2,518
LYRIC,2,518
MAHIRA,2,518
MAHLI,2,518
MAJA,2,518
MALI,2,518
MANJARI,2,518
MANNAT,2,518
MARGARET,2,518
MARGAUX,2,518
MARIAM,2,518
MARINA,2,518
MARISSA,2,518
MARLEIGH,2,518
MARNI,2,518
MARWA,2,518
MARYAM,2,518
MAY,2,518
MEERA,2,518
MEHER,2,518
MEIKE,2,518
MEILANI,2,518
MELIKA,2,518
MELINA,2,518
MELISSA,2,518
MIAMI,2,518
MIYA,2,518
MONIKA,2,518
MYLAH,2,518
MYRAH,2,518
NABA,2,518
NADIA,2,518
NADYA,2,518
NAOMI,2,518
NATIA,2,518
NAYSA,2,518
NEAVE,2,518
NEHA,2,518
NEYSA,2,518
NHI,2,518
NICOLETTE,2,518
NIMRIT,2,518
NIRVA,2,518
NOA,2,518
NOVA,2,518
NYAH,2,518
NYIBOL,2,518
OCEA,2,518
OLANNA,2,518
OONA,2,518
OPHELIA,2,518
PAISLEY,2,518
PALOMA,2,518
PARNEET,2,518
PATRICIA,2,518
PETRA,2,518
POLLY,2,518
PORSHA,2,518
PORTIA,2,518
RAHNI,2,518
RANIA,2,518
RASEEL,2,518
REET,2,518
REGINA,2,518
REMI,2,518
ROISIN,2,518
ROSALIE,2,518
ROSEMARY,2,518
RYLEIGH,2,518
SAANJH,2,518
SAANVI,2,518
SABRINA,2,518
SAI,2,518
SAMREEN,2,518
SANAYA,2,518
SAOIRSE,2,518
SASCHA,2,518
SASKIA,2,518
SAVANA,2,518
SEERAT,2,518
SEHAJ,2,518
SENUKI,2,518
SERAH,2,518
SHAKIRA,2,518
SHANAYA,2,518
SHANNON,2,518
SHAYLEE,2,518
SHYLA,2,518
SIANNA,2,518
SIMAR,2,518
SKYLAR,2,518
SOLIANA,2,518
SPENCER,2,518
SWARA,2,518
TABITHA,2,518
TALLULAH,2,518
TANVI,2,518
TATIANA,2,518
TAVIA,2,518
TEHYA,2,518
TEHZEEB,2,518
TEMPERANCE,2,518
TESS,2,518
THEODORA,2,518
TIARA,2,518
TINA,2,518
TINASHE,2,518
TONII,2,518
TORAH,2,518
TRACY,2,518
TWIN,2,518
TYLER,2,518
VADA,2,518
VALERIE,2,518
VANESSA,2,518
VERA,2,518
VIOLETTA,2,518
VIVIAN,2,518
WINIFRED,2,518
WREN,2,518
XI,2,518
YANA,2,518
ZAHLIA,2,518
ZAIRA,2,518
ZALIA,2,518
ZARIA,2,518
ZARLI,2,518
ZAYNAB,2,518
ZELDA,2,518
ZOYA,2,518
AABIRA,1,839
AADHIRA,1,839
AADHYA,1,839
AAILA,1,839
AAIMA,1,839
AALEIA,1,839
AALEYAH,1,839
AALIA,1,839
AALILAH,1,839
AAMARAIIS,1,839
AANIA,1,839
AANIYA,1,839
AANVI,1,839
AARAM,1,839
AARIKA,1,839
AARMANI,1,839
AAROHI,1,839
AARVI,1,839
AARYA,1,839
AASHVI,1,839
AASTHA,1,839
AAYLA,1,839
AAYRA,1,839
ABBI,1,839
ABBIGAIL,1,839
ABBIGALE,1,839
ABI,1,839
ABIGAILE,1,839
ABIOL,1,839
ABLAVI,1,839
ABUOL,1,839
ACENG,1,839
ACHAI,1,839
ACHOL,1,839
ACIECH,1,839
ACSAH,1,839
ADDALYN,1,839
ADDIE,1,839
ADELA,1,839
ADELINA,1,839
ADELISE,1,839
ADELLERIE,1,839
ADELYNN,1,839
ADHEYA,1,839
ADNA,1,839
ADRIANAH,1,839
ADRIANNA,1,839
ADRIENE,1,839
ADUAL,1,839
ADZKIYA,1,839
AELAYAH,1,839
AF-NEBYAT,1,839
AFFINITY,1,839
AFIYA,1,839
AGATHE,1,839
AGNES,1,839
AGOOT,1,839
AGUER,1,839
AHAANA,1,839
AHALIA,1,839
AHOK,1,839
AHUAITI,1,839
AIARIN,1,839
AIBHLINN,1,839
AIKA,1,839
AILEY,1,839
AIMA,1,839
AIMEE,1,839
AINDRILA,1,839
AINSLEE,1,839
AINSLEIGH,1,839
AINSLEY,1,839
AIRU,1,839
AISHAH,1,839
AISHLEEN,1,839
AISHVIR,1,839
AISYLN,1,839
AISYN,1,839
AIVA,1,839
AIVAH,1,839
AIVLEEN,1,839
AIZLEIGH,1,839
AJOONI,1,839
AKSANA,1,839
AKSHDEEP,1,839
AKSHYA,1,839
AKUOL,1,839
AKUR,1,839
AKUS,1,839
ALAA,1,839
ALAINA,1,839
ALANAH,1,839
ALANI,1,839
ALANYA,1,839
ALARA,1,839
ALASKA,1,839
ALASKAH,1,839
ALATHEA,1,839
ALAYA,1,839
ALBA,1,839
ALECIA,1,839
ALECTRA,1,839
ALEESHA,1,839
ALEGRA,1,839
ALEIA-JANE,1,839
ALEIRA,1,839
ALEKHSIA,1,839
ALESIA,1,839
ALEX,1,839
ALEXIE,1,839
ALEXSIS,1,839
ALEYA,1,839
ALIA,1,839
ALIARNNAH,1,839
ALIJA,1,839
ALISE,1,839
ALISHBA,1,839
ALIYAH-LOUISE,1,839
ALIZA,1,839
ALLANAH,1,839
ALLEXX,1,839
ALLISON,1,839
ALLIYAH,1,839
ALLY,1,839
ALONA,1,839
ALONYO,1,839
ALORA,1,839
ALPHONSINE,1,839
ALSHAM,1,839
ALTHEA,1,839
ALUONG,1,839
ALYANA,1,839
ALYCE,1,839
ALYSA,1,839
ALYVIA,1,839
ALYX,1,839
ALYZA-LEE,1,839
AMAANAT,1,839
AMABELLE,1,839
AMAHLIA,1,839
AMAL,1,839
AMANDA,1,839
AMARELLA,1,839
AMARI,1,839
AMARIS,1,839
AMARLIE,1,839
AMATUL,1,839
AMAYAH,1,839
AMAYRA,1,839
AMBEL,1,839
AMBERLEY,1,839
AMEERA,1,839
AMELIA-ROSE,1,839
AMELIAH,1,839
AMELIAH-ROSE,1,839
AMELIIA,1,839
AMEN,1,839
AMETHYST,1,839
AMEYAA,1,839
AMIA,1,839
AMILEE,1,839
AMILIA,1,839
AMINA,1,839
AMINATA,1,839
AMITIEL,1,839
AMITRIS,1,839
AMIYAH-MAE,1,839
AMORISSA,1,839
AMRIN,1,839
AMRIT,1,839
AMUOR,1,839
AMYRA,1,839
AMYRAH,1,839
AN-NHI,1,839
ANAAYAH,1,839
ANABELLE,1,839
ANAHI,1,839
ANAIRA,1,839
ANANYA,1,839
ANARI,1,839
ANASTAZYA,1,839
ANAYAH,1,839
ANDIALYSE,1,839
ANDRA,1,839
ANDREA,1,839
ANDRIANA,1,839
ANEIKA,1,839
ANELLA,1,839
ANGELIKA,1,839
ANGELINE,1,839
ANGELY,1,839
ANIA,1,839
ANJALI,1,839
ANJALINA,1,839
ANN,1,839
ANNA-JANE,1,839
ANNA-LYNE,1,839
ANNABELLE-JOY,1,839
ANNABETH,1,839
ANNALEECE,1,839
ANNALIES,1,839
ANNASHREYA,1,839
ANNASTACIA,1,839
ANNATALIA,1,839
ANNELIESE,1,839
ANNI,1,839
ANNICA,1,839
ANNIEKAH,1,839
ANNUNZIATA,1,839
ANNY,1,839
ANOUK,1,839
ANRAN,1,839
ANTONIA,1,839
ANUSHA,1,839
ANUSHKA,1,839
ANVI,1,839
ANYIEL,1,839
APARAJITA,1,839
APARNA,1,839
APHIAH,1,839
APRYL,1,839
ARA,1,839
ARABELLE,1,839
ARAIANA,1,839
ARAYA,1,839
ARCADIA,1,839
ARDEA,1,839
AREEBA,1,839
AREEBAH,1,839
AREEJ,1,839
AREEN,1,839
ARGIRO,1,839
ARHLIYA,1,839
ARI,1,839
ARIA-LEE,1,839
ARIA-LISABETH,1,839
ARIANAH,1,839
ARIANE,1,839
ARIB,1,839
ARIBAH,1,839
ARIE,1,839
ARIELA,1,839
ARIELLA,1,839
ARIJA,1,839
ARIN,1,839
ARISHA,1,839
ARITRI,1,839
ARLA,1,839
ARLA-MAE,1,839
ARLAN,1,839
ARLEI,1,839
ARLIA,1,839
ARLIAH,1,839
ARLYN,1,839
ARMANI,1,839
ARNA,1,839
ARNAAZ,1,839
ARNMARLEY,1,839
AROOSHA,1,839
ARORA,1,839
ARRIKA,1,839
ARROW,1,839
ARSHAH,1,839
ARSHEYA,1,839
ARTEMIS,1,839
ARVEER,1,839
ARWEN,1,839
ARYAHI,1,839
ARYANA,1,839
ARYANNAH,1,839
ARZOI,1,839
ASCHA,1,839
ASEDA,1,839
ASFA,1,839
ASHIMA,1,839
ASHLYNN,1,839
ASHLYNNE,1,839
ASHREET,1,839
ASIFA,1,839
ASIYAH,1,839
ASLI,1,839
ASMA,1,839
ASMAA,1,839
ASNA,1,839
ASPEN,1,839
ASTA,1,839
ASTER,1,839
ASTRA,1,839
ATARAH,1,839
ATHIENG,1,839
ATOCH,1,839
ATONG,1,839
AUBREE-MAE,1,839
AUBURN,1,839
AUDRINA,1,839
AUGUSTA,1,839
AULBREY,1,839
AURELA,1,839
AURORA-ROSE,1,839
AUSRA,1,839
AVA-ROSE,1,839
AVAIYA,1,839
AVANNAH,1,839
AVERIE,1,839
AVERLY,1,839
AVI,1,839
AVIANA,1,839
AVIE,1,839
AVNEE,1,839
AVNEET,1,839
AVOCA,1,839
AVRIL,1,839
AVYANA,1,839
AWANI,1,839
AWIEL,1,839
AWUOK,1,839
AXELLE,1,839
AYA,1,839
AYANA,1,839
AYASHIA,1,839
AYAT,1,839
AYDAN,1,839
AYEESHA,1,839
AYEISHA,1,839
AYEN,1,839
AYLIN,1,839
AZALIAH,1,839
AZALIYAH,1,839
AZARIA-GRACE,1,839
B'ELANNA,1,839
BAANI,1,839
BABY,1,839
BAILEIGH,1,839
BALREET,1,839
BANI,1,839
BANSARI,1,839
BANVEET,1,839
BARIRA,1,839
BATUL,1,839
BAYAN,1,839
BAYLEE,1,839
BEATRICE,1,839
BEATRIZ,1,839
BEAU,1,839
BEKKI,1,839
BELLA-LE,1,839
BELLA-SOFIA,1,839
BELLARANI,1,839
BELLE,1,839
BENITA,1,839
BERNADETTE,1,839
BERNICE,1,839
BESS,1,839
BESSIE,1,839
BETTY,1,839
BHAVYA,1,839
BIHAANI,1,839
BILEN,1,839
BILLIE-JADE,1,839
BINDARRAY,1,839
BLAIRE,1,839
BLESSING,1,839
BOBBI,1,839
BOBBIE,1,839
BONNI,1,839
BOR,1,839
BOWIE,1,839
BOXUAN,1,839
BRIAR,1,839
BRIDGETT,1,839
BRIGITTE,1,839
BRITNEY,1,839
BRODIE,1,839
BROOKELYN,1,839
BROOKLYNNE,1,839
BRYNN,1,839
BYLASAN,1,839
CADENCE,1,839
CALAIS,1,839
CALISTA,1,839
CALLY,1,839
CAMELLIA,1,839
CAMERON,1,839
CAMRYN,1,839
CAPRI,1,839
CARISSA,1,839
CARLY,1,839
CARMELA,1,839
CARMELINA,1,839
CARMEN,1,839
CARTER,1,839
CARTIA,1,839
CASSEY,1,839
CASSIDY,1,839
CATALAYA,1,839
CATALEIA,1,839
CATALEYA,1,839
CATALIA,1,839
CATALINA,1,839
CATHY,1,839
CATIA,1,839
CAYLA,1,839
CECELIA-ROSE,1,839
CEEJAY,1,839
CELESTINE,1,839
CELIA,1,839
CELINA-SUZANNE,1,839
CEYLON,1,839
CEYLONI,1,839
CHAITRI,1,839
CHANEL,1,839
CHANELLE,1,839
CHANTE,1,839
CHARLEE-ROSE,1,839
CHARLEY,1,839
CHARLIE-ROSE,1,839
CHARLOTTE-ANNE,1,839
CHARMAINE,1,839
CHENAY,1,839
CHENULI,1,839
CHERESSE,1,839
CHEREVEY,1,839
CHERRY,1,839
CHESTA,1,839
CHEVY,1,839
CHEYENNE,1,839
CHIBUZO,1,839
CHILLI,1,839
CHIMAMANDA,1,839
CHISIMNULIA,1,839
CHLOIE,1,839
CHLO�,1,839
CHOLE,1,839
CHRISTEL,1,839
CHRISTIANA,1,839
CHRISTY,1,839
CIENNA,1,839
CIIN,1,839
CINDY,1,839
CIUNAS,1,839
CLAIRA,1,839
CLARISSA,1,839
CLARKE,1,839
CLEOPATRA,1,839
CLEYO,1,839
CLIO,1,839
CLORIA,1,839
CLORIS,1,839
CLOVA,1,839
COBIE,1,839
CODEE,1,839
COLETTE,1,839
COLLEEN,1,839
COLLETTE,1,839
CONSTANCE,1,839
CONSTANTINA,1,839
CORALIE,1,839
CORINA,1,839
CORTANA,1,839
COURTNEY,1,839
COZI,1,839
CRYSTAL,1,839
CYAN,1,839
CYDI,1,839
CZABINA,1,839
DAANISH,1,839
DACEY,1,839
DAHEE,1,839
DAHLIA,1,839
DAIY,1,839
DAIZY,1,839
DAKBAI,1,839
DAKODA,1,839
DALAL,1,839
DALILAH,1,839
DAMIA,1,839
DANAH,1,839
DANI,1,839
DANICA,1,839
DANIELA,1,839
DANIELLE,1,839
DANNIE,1,839
DANNIELLA,1,839
DARCII,1,839
DARIA,1,839
DARYA,1,839
DATAAR,1,839
DAVIITAAH,1,839
DAVINAH,1,839
DAWT,1,839
DAWTHLEI,1,839
DAYLA,1,839
DAYNA,1,839
DEKOTA,1,839
DEKOTAHLEE,1,839
DELANEY,1,839
DELELE,1,839
DELIA,1,839
DELILAH-GRACE,1,839
DELINA,1,839
DELLANCY,1,839
DELPHINE,1,839
DELYLAH,1,839
DEMITRA,1,839
DENA,1,839
DENIELLA,1,839
DENIZ,1,839
DENNE,1,839
DENOH,1,839
DENZELLE,1,839
DESPINA,1,839
DESTINEY,1,839
DEVIKA,1,839
DEVISHA,1,839
DEVOCEAN,1,839
DHUN,1,839
DI,1,839
DIA,1,839
DILNAAZ,1,839
DILSHAAN,1,839
DIMA,1,839
DIME,1,839
DIMITRIA,1,839
DINGLING,1,839
DINUKI,1,839
DISHITHA,1,839
DIVA,1,839
DIVINE,1,839
DIXIE,1,839
DIYENKA,1,839
DIYO,1,839
DOMENIQUE,1,839
DOMINIQUE,1,839
DOMONIQUE,1,839
DOROTEJA,1,839
DOT,1,839
DRAGANA,1,839
DRU,1,839
DUA,1,839
DUAA,1,839
DUR-E-SAMEEN,1,839
DUYEN,1,839
EADIE,1,839
EALLA,1,839
ECHO,1,839
EDA,1,839
EDDY,1,839
EDEY,1,839
EDITA,1,839
EDNA,1,839
EFTIHIA,1,839
EHA,1,839
EILE,1,839
EILEITHYIA,1,839
EIVA,1,839
EKAMJOT,1,839
ELA,1,839
ELAA,1,839
ELAF,1,839
ELAINE,1,839
ELAYNA,1,839
ELEANOAR,1,839
ELEENA,1,839
ELEESA,1,839
ELEFTERIA,1,839
ELEIGHNAH,1,839
ELEKTRA,1,839
ELENAH,1,839
ELEXIS,1,839
ELIANAH,1,839
ELINOR,1,839
ELIROSE,1,839
ELISABETTA,1,839
ELISSIA,1,839
ELITA,1,839
ELIVIA,1,839
ELIYANA,1,839
ELIZA-KAY,1,839
ELLA-JANE,1,839
ELLA-ROSE,1,839
ELLAH,1,839
ELLALINE,1,839
ELLANOR,1,839
ELLANORE,1,839
ELLEE,1,839
ELLENA,1,839
ELLESTASIYA,1,839
ELLIEYRE,1,839
ELLIOTT,1,839
ELLISON,1,839
ELLORA,1,839
ELLY,1,839
ELODEE,1,839
ELOWYN,1,839
ELSA,1,839
ELSBETH,1,839
ELSIE-JEAN,1,839
ELSY,1,839
ELYSEYA,1,839
ELYSHA,1,839
ELYSIA,1,839
EMANI,1,839
EMARELLA,1,839
EMELLIE,1,839
EMESYN,1,839
EMI,1,839
EMILEE,1,839
EMILJA,1,839
EMILY-MAE,1,839
EMIRA-LEE,1,839
EMIRI,1,839
EMMALEE,1,839
EMMANUELLA,1,839
EMMANUELLE,1,839
EMMASON,1,839
EMME,1,839
EMMISON,1,839
EMREE,1,839
ENNA,1,839
ENORA,1,839
ENVY,1,839
ENYA,1,839
ERICA-MAY,1,839
ERIS,1,839
ERLEEN,1,839
ERYKA,1,839
ES'MEI,1,839
ESHAL,1,839
ESHANA,1,839
ESTELLA,1,839
EUGENIA,1,839
EUNICE,1,839
EVALENA,1,839
EVAN,1,839
EVEE,1,839
EVELEIGH,1,839
EVELYNE,1,839
EVIA,1,839
EVIANA,1,839
EVIE-MAE,1,839
EVIE-ROSE,1,839
EVY,1,839
EVYENIA,1,839
EYLAH,1,839
EZRAE,1,839
EZRIELLA,1,839
FANTA,1,839
FARAH,1,839
FAREDA,1,839
FARIHA,1,839
FARNIYA,1,839
FARWA,1,839
FARZANA,1,839
FATEMEH,1,839
FATIMEH,1,839
FATUMATA,1,839
FAY,1,839
FAYSA,1,839
FEARNE,1,839
FEDHA,1,839
FEEBEE,1,839
FELICIA,1,839
FERNLEY,1,839
FINLAY,1,839
FIZA,1,839
FIZZAH,1,839
FLAVIA,1,839
FOTINI,1,839
FRADELLA,1,839
FRANCA,1,839
FRANKI,1,839
FREDA,1,839
FURAHA,1,839
FURDEZEE,1,839
FURIA,1,839
GABRIELLA-LOUISA,1,839
GABRIYELLE,1,839
GAIL,1,839
GARISHMA,1,839
GATLEEN,1,839
GAZAL,1,839
GEORGETTE,1,839
GHADI,1,839
GHAIDAA,1,839
GIA-AN,1,839
GIAVANNA,1,839
GIDGET,1,839
GIORDANA,1,839
GIOVANNA,1,839
GISELA,1,839
GIULIA,1,839
GLADYS,1,839
GRACELYN,1,839
GRACIE-ROSE,1,839
GRAY,1,839
GRETA,1,839
GRETCHEN,1,839
GUINEVERE,1,839
GULNAZDEEP,1,839
GUNEET,1,839
GUREHMAT,1,839
GURKEERAT,1,839
GURLIV,1,839
GURMANJOT,1,839
GURPAL,1,839
GURSEERAT,1,839
GURSEHAJ,1,839
GWENDOLIN,1,839
GWENETH,1,839
GWENEVERE,1,839
GWYNETH,1,839
GYPSY-ROSE,1,839
HADDI,1,839
HADIL,1,839
HADIYA,1,839
HADLEE,1,839
HAILIE,1,839
HAJRA,1,839
HALA,1,839
HALAENA,1,839
HALIA,1,839
HALLE-JAY,1,839
HALLEE,1,839
HAMDA,1,839
HAMNA,1,839
HANI,1,839
HANNAH-LEE,1,839
HAO,1,839
HAOLIN,1,839
HAOYI,1,839
HARALAMBIA,1,839
HAREEM,1,839
HAREET,1,839
HARGUN,1,839
HARKEERAT,1,839
HARLEAH,1,839
HARLEE,1,839
HARLEIGH,1,839
HARLEM,1,839
HARLII,1,839
HARLO,1,839
HARLYN,1,839
HARMANY,1,839
HARMEEN,1,839
HARNAAZ,1,839
HARPER-LILY,1,839
HARSEERAT,1,839
HARSIFAT,1,839
HARTLEY,1,839
HARVYN,1,839
HASANDI,1,839
HASRAT,1,839
HASTI,1,839
HAVANNA,1,839
HAWA,1,839
HAWRA,1,839
HAZELPRIT,1,839
HEAVENLY,1,839
HEBA,1,839
HEER,1,839
HEERA,1,839
HEEVA,1,839
HELGA,1,839
HELINA,1,839
HENNESSY,1,839
HERSHI,1,839
HESHARA,1,839
HETTIE,1,839
HIBA,1,839
HIBAH,1,839
HILIVELIA,1,839
HOLLAND,1,839
HOLLEY,1,839
HONEY,1,839
HONEY-MAY,1,839
HONI,1,839
HOOR,1,839
HOORA,1,839
HOORAEM,1,839
HORRA,1,839
HOSANNA,1,839
HUAN,1,839
HUI,1,839
HUMDA,1,839
HUNTER,1,839
HUNTER-GRACE,1,839
HUSNA,1,839
HYDEE,1,839
IBUKUNOLUWA,1,839
IDA,1,839
IFRAH,1,839
ILA,1,839
ILAH,1,839
ILAJH,1,839
ILHABELA,1,839
ILINA,1,839
ILINCA-DORCAS,1,839
ILLA-ROSE,1,839
ILLIYUNA,1,839
ILYSSA,1,839
IMALA,1,839
IMANI,1,839
IMARA,1,839
IMELDA,1,839
IMOGIN,1,839
INAYAT,1,839
INDI-ANNA,1,839
INDIA,1,839
INDIAH,1,839
INDIANA-LEE,1,839
INDICA,1,839
INDIE-ROSE,1,839
INDIELLA,1,839
INDII,1,839
INDIRA,1,839
INDYANAH,1,839
INES,1,839
INNAMINCKA,1,839
IOANNA,1,839
IQRA,1,839
IRA,1,839
IRAH,1,839
IRENE,1,839
IRENE-MOSES,1,839
IRENKA,1,839
ISA-MARIE,1,839
ISABELLA-IVY,1,839
ISABELLA-MARIE,1,839
ISHA,1,839
ISHAR,1,839
ISHITA,1,839
ISHPREET,1,839
ISHTAR,1,839
ISHWA,1,839
ISLA-MAE,1,839
ISOBELLE,1,839
ISRA,1,839
ISRAA,1,839
ITZELLE,1,839
IVA,1,839
IVANKA,1,839
IVANNAH,1,839
IVEY,1,839
IVY-JOY,1,839
IVY-ROSE,1,839
IYAH,1,839
IYIAH,1,839
IZABEL,1,839
IZABELA,1,839
IZABELLE,1,839
IZAHLIA-CHARMAINE,1,839
JACKIE-LEE,1,839
JADIEL,1,839
JAIDA,1,839
JAIDEN,1,839
JAILEE,1,839
JAIMIE,1,839
JAINA,1,839
JAMIE-LEE,1,839
JANA,1,839
JANAT,1,839
JANAYA-ROSE,1,839
JANELLA,1,839
JANET,1,839
JANIEYA,1,839
JANISSI,1,839
JANIYA,1,839
JANNALI,1,839
JANYLAH,1,839
JAPNEET,1,839
JASARA,1,839
JASMEEN,1,839
JASMITHA,1,839
JASMYN,1,839
JASRAH,1,839
JASSLYN,1,839
JAYA,1,839
JAYDE,1,839
JAYLA,1,839
JAYLAH,1,839
JAYMIE,1,839
JAYMIKAH,1,839
JAZLEEN,1,839
JAZLYN,1,839
JAZMIN,1,839
JEAN,1,839
JEANETTE,1,839
JEMELLA,1,839
JEMILY,1,839
JENANI,1,839
JENCY,1,839
JENIKA,1,839
JENINE,1,839
JENISHA,1,839
JENNICA,1,839
JENNIZA,1,839
JERSEY,1,839
JESSALYN,1,839
JIA,1,839
JING,1,839
JINYAN,1,839
JISHA,1,839
JIWILLE,1,839
JOCETTE,1,839
JOCHEBED,1,839
JOHANNAH-EVE,1,839
JOLINA,1,839
JONA,1,839
JONI,1,839
JORDANN,1,839
JORDY,1,839
JORDYNN,1,839
JORY,1,839
JOSELYN,1,839
JOSKA,1,839
JOUD,1,839
JOVELYN,1,839
JOVIE,1,839
JOYCE,1,839
JUANA,1,839
JUD,1,839
JULIANNE,1,839
JULIEA,1,839
JUMANAH,1,839
JUSTICE,1,839
JUSTINA,1,839
KABEDI,1,839
KADANCE,1,839
KADENCE-LEE,1,839
KAINAT,1,839
KAIRA,1,839
KAIRI,1,839
KAISHA,1,839
KAITE-LYNNE,1,839
KAITLYNN,1,839
KAIYAH,1,839
KAKIRRA,1,839
KALANI,1,839
KALARI,1,839
KALEESHA,1,839
KALEESI,1,839
KALEIGHA,1,839
KALEY,1,839
KALI,1,839
KALILAH,1,839
KALINA,1,839
KALIYAH,1,839
KAMEELA,1,839
KAMILA,1,839
KANIAH,1,839
KAR,1,839
KAREN,1,839
KARINA,1,839
KARLEAHA,1,839
KARLIAH,1,839
KASHVIBA,1,839
KATERINA,1,839
KATHLEEN,1,839
KATHRYN,1,839
KATIA,1,839
KATIE-ANN,1,839
KATIE-JAYNE,1,839
KATINA,1,839
KATIYA,1,839
KATY,1,839
KAVLIN,1,839
KAYCIE-MARIA,1,839
KAYDEN,1,839
KAYLEY,1,839
KEANNA,1,839
KEERAT,1,839
KEEVAH,1,839
KEIARN,1,839
KEILYRA,1,839
KEISHA,1,839
KELISE,1,839
KELLSEY,1,839
KELVI,1,839
KENNA,1,839
KENSLEY,1,839
KENZI,1,839
KEONA,1,839
KEONNIE,1,839
KERRYANNE,1,839
KERRYN,1,839
KESA,1,839
KEYA,1,839
KEYANI,1,839
KEZA,1,839
KHADEEJA,1,839
KHADIDJA,1,839
KHADIJA,1,839
KHALILAH,1,839
KHENSI,1,839
KHUSHI,1,839
KIANNA,1,839
KIARNAH,1,839
KIDIST,1,839
KIERA,1,839
KIHANNA,1,839
KIM,1,839
KIMYING,1,839
KINAAZ,1,839
KINARIAN,1,839
KINDAL,1,839
KIRAT,1,839
KIRATDEEP,1,839
KIRI,1,839
KIRPA,1,839
KIRSHARLA,1,839
KITANA,1,839
KITARA,1,839
KIVA,1,839
KIYA,1,839
KLARA,1,839
KLOE,1,839
KOAH,1,839
KODA-LEE,1,839
KODIE,1,839
KOLBY,1,839
KOLLINS,1,839
KORA,1,839
KORENA,1,839
KORI,1,839
KRINABA,1,839
KRISHIKA,1,839
KRISTIANA,1,839
KSENIA,1,839
KSHIPRA,1,839
KUNDAI,1,839
KYAH,1,839
KYHANNAH,1,839
KYZCIE,1,839
LAASYA,1,839
LACEE,1,839
LACIE,1,839
LADY,1,839
LAEL,1,839
LAESHARNA,1,839
LAHQUANNAH,1,839
LAI,1,839
LAIKYN,1,839
LAILANI,1,839
LAINA,1,839
LAINIE,1,839
LALAINA,1,839
LAM,1,839
LAMISA,1,839
LANA-MARIA,1,839
LARIMAR,1,839
LARNI,1,839
LASHARAH,1,839
LASHYA,1,839
LATA,1,839
LATANYA,1,839
LATISHA,1,839
LAURELAI,1,839
LAVANYA,1,839
LAVENDER,1,839
LAVINIA,1,839
LAVITIKA,1,839
LAYAN,1,839
LAYLA-PAIGE,1,839
LAYNE,1,839
LEANNA,1,839
LEANNE,1,839
LEEAH,1,839
LEEANNE,1,839
LEIA,1,839
LEIGHLA-JOEL,1,839
LEIGHTON,1,839
LEILANI,1,839
LEKHA,1,839
LELA-ATHINA,1,839
LELIA,1,839
LENA,1,839
LENIA,1,839
LENNI,1,839
LENNON,1,839
LENNOX,1,839
LENORA,1,839
LETICIA,1,839
LETISSIA,1,839
LETTI,1,839
LETTY,1,839
LEXA,1,839
LEXII,1,839
LEXIS,1,839
LHARNA,1,839
LIA,1,839
LIBBY,1,839
LIBERTY,1,839
LIBERTY-ROSE,1,839
LIDA,1,839
LIDIA,1,839
LILITH-LOUISE,1,839
LILLI,1,839
LILLIAHNA,1,839
LILLIANNA,1,839
LILLIARNA,1,839
LILLIE-GRACE,1,839
LILLY-ANNE,1,839
LILLY-MAY,1,839
LILLYANA,1,839
LILLYARNA,1,839
LILO,1,839
LILOU,1,839
LILY-ANNE,1,839
LILY-JO,1,839
LILYANA,1,839
LILYANN,1,839
LINA,1,839
LINCA,1,839
LINDA,1,839
LINDSEY,1,839
LINH,1,839
LINNEA,1,839
LISMA,1,839
LITFIYEH,1,839
LITHUNI,1,839
LIVIA,1,839
LIYA,1,839
LIZZY,1,839
LLAYTON,1,839
LOMINA,1,839
LONDYN,1,839
LORELEI,1,839
LORENA,1,839
LORETTA,1,839
LORIANA,1,839
LORNA,1,839
LOUISIANA,1,839
LOUWELLA,1,839
LOVENNE,1,839
LUA,1,839
LUANA,1,839
LUCIE,1,839
LUCILLE,1,839
LUCY-MAE,1,839
LUJAIN,1,839
LULANI,1,839
LUSEEN,1,839
LUVINAH,1,839
LYAN,1,839
LYANNA,1,839
LYIRA,1,839
MAC,1,839
MACARRAH-JAYDEE,1,839
MACARTNEY,1,839
MACAYLA,1,839
MACEE,1,839
MADALYN,1,839
MADAWALA,1,839
MADDEN,1,839
MADDISYN,1,839
MADDY,1,839
MADELIN,1,839
MADILYN,1,839
MADYSON,1,839
MAEBH,1,839
MAEVIE,1,839
MAEYA,1,839
MAGDALENA,1,839
MAGENTA,1,839
MAGGIE-FAE,1,839
MAGNOLIA,1,839
MAHALA,1,839
MAHALI,1,839
MAHEERA,1,839
MAHIE,1,839
MAHKYLA,1,839
MAHNAZ,1,839
MAHNOOR,1,839
MAHREEN,1,839
MAHTUB,1,839
MAIAR,1,839
MAIESARAH,1,839
MAIKO,1,839
MAIRA,1,839
MAIREAD,1,839
MAIRWEN,1,839
MAISIE-LEE,1,839
MAKENZI,1,839
MAKYRA,1,839
MALAYLAH,1,839
MALEA,1,839
MALIKA,1,839
MALLAYA,1,839
MALLIEE,1,839
MALLORY,1,839
MAN,1,839
MANAHIL,1,839
MANAIA,1,839
MANAL,1,839
MANANA,1,839
MANELI,1,839
MANG,1,839
MANREET,1,839
MANSEERAT,1,839
MANUELA,1,839
MANYA,1,839
MARCIA,1,839
MARECHALE,1,839
MAREE,1,839
MARGUERITE,1,839
MARIA-ROSA,1,839
MARIE,1,839
MARISA,1,839
MARISOL,1,839
MARLEAH,1,839
MARLI,1,839
MARLIA,1,839
MARLOW,1,839
MARLOWE,1,839
MARNIE,1,839
MARTHA,1,839
MARTINA,1,839
MARY,1,839
MARZIA,1,839
MARZIYAH,1,839
MASON,1,839
MATAYA-JADE,1,839
MATEA,1,839
MATHILDA,1,839
MATIKA,1,839
MATISSE,1,839
MATLIDA,1,839
MAVERICK,1,839
MAWADDA,1,839
MAX,1,839
MAYLEE,1,839
MAYLIN,1,839
MCKENNA,1,839
MCKINLEY,1,839
MCKYNZIIE,1,839
MEADOW,1,839
MEDINA,1,839
MEEKA,1,839
MEEKAH-JANE,1,839
MEELA,1,839
MEGAN,1,839
MEHAK,1,839
MEHAKPREET,1,839
MEHAR,1,839
MEHARJOT,1,839
MEHNAZ,1,839
MEHNOOR,1,839
MEHREEN,1,839
MEISIE,1,839
MEKALEERA,1,839
MELICIA,1,839
MELINDA,1,839
MELINDA-MAY,1,839
MELITSA,1,839
MEMENYAS,1,839
MENAAL,1,839
MENARA,1,839
MENLEY,1,839
MERARI,1,839
MERCY,1,839
MEREDITH,1,839
MERKELA,1,839
MERSADEZ,1,839
MERSAIDEZ,1,839
MI,1,839
MIA-CASSANDRA,1,839
MIABELLE,1,839
MIAH,1,839
MIARICKY-LEE,1,839
MICAELA,1,839
MICAH,1,839
MICAYLA-ROSE,1,839
MICKAL,1,839
MIEKA,1,839
MIHINDUKULASURIYA,1,839
MIIKA,1,839
MIKAILA,1,839
MIKAYLAH,1,839
MIKHAYLA,1,839
MIKIAH,1,839
MILANA,1,839
MILAYNA,1,839
MILEE,1,839
MILEKA,1,839
MILENA,1,839
MILEY,1,839
MILIA,1,839
MILICA,1,839
MILIJA,1,839
MILLER,1,839
MILLICENT,1,839
MIN,1,839
MINAH,1,839
MINETTE,1,839
MINH,1,839
MINKYI,1,839
MINNA,1,839
MINNIE,1,839
MINULI,1,839
MINUNGSHI,1,839
MIRABEL,1,839
MIRAYA,1,839
MIRELLE,1,839
MIRIAM,1,839
MIRIYAM,1,839
MIRREN,1,839
MISAKI,1,839
MISHA,1,839
MISHIKA,1,839
MISTY,1,839
MIYLAH,1,839
MOLLIE,1,839
MORRISON,1,839
MORTISHA,1,839
MUBINA,1,839
MUHOZA,1,839
MUTSAWASHE,1,839
MUXI,1,839
MUXIN,1,839
MYER,1,839
MYESHA,1,839
MYIA,1,839
MYKAYLAH,1,839
MYLA,1,839
MYLIE,1,839
NAAVYA,1,839
NADEEN,1,839
NADEZHDA,1,839
NADHIRA,1,839
NAFEESA,1,839
NAGHAM,1,839
NAHIYA,1,839
NAHZAYAH,1,839
NAIA,1,839
NAISHA,1,839
NAJIA,1,839
NAKASHA,1,839
NAKIRRA,1,839
NAKIYAH,1,839
NALA,1,839
NAMEERA,1,839
NAMRIT,1,839
NANAATI,1,839
NAOMIE,1,839
NARGES,1,839
NARJIS,1,839
NASIRA,1,839
NASYA,1,839
NATALYA,1,839
NATANNIA,1,839
NATARSHA,1,839
NATASHA,1,839
NATAYAH,1,839
NATHANIA,1,839
NATIANA,1,839
NAVAYAH,1,839
NAVLEEN,1,839
NAVRISHAM,1,839
NAYLA,1,839
NAYVIA,1,839
NAZO,1,839
NEDA,1,839
NEEVA,1,839
NEHMAT,1,839
NEIVE,1,839
NEREYA,1,839
NERIAH,1,839
NESSA,1,839
NETHMI,1,839
NEUSA,1,839
NEVADA,1,839
NEVEAH,1,839
NEVENA,1,839
NGOC,1,839
NHU,1,839
NICKELLE,1,839
NICOLA,1,839
NICOLLA,1,839
NICOLLETTA,1,839
NIEVE,1,839
NIKAYLA,1,839
NIKI,1,839
NIKITA,1,839
NIKKITA,1,839
NIKOLETTA,1,839
NIKOLIJA,1,839
NILA,1,839
NIMRAT,1,839
NIOBE,1,839
NIRVANA,1,839
NISHKA,1,839
NISSA,1,839
NITYA,1,839
NIUMALI,1,839
NIVEDITHA,1,839
NIVIYA,1,839
NIYAMAT,1,839
NOEMI,1,839
NOKUTENDA,1,839
NOLA,1,839
NORMA-JEAN,1,839
NOURA,1,839
NOURAH,1,839
NOURAN,1,839
NOVI,1,839
NUHA,1,839
NURHUSNA,1,839
NYANDENG,1,839
NYANJITH,1,839
NYASHA,1,839
NYKEESHA,1,839
NYLANNA,1,839
NYRA,1,839
OAKLEE,1,839
OAKLEIGH,1,839
OAKLEIGH-RAE,1,839
OCEAHNA,1,839
OCEANE,1,839
ODETTE,1,839
OLGA,1,839
OLIVIA-MAY,1,839
OLIVYNE,1,839
OMAYAH,1,839
OMISHA,1,839
OMONYEMHEN,1,839
ONELLA,1,839
OPAL,1,839
ORIANA,1,839
OSTARA,1,839
OTTAVIA,1,839
OTTILIA,1,839
PAITYN,1,839
PAL,1,839
PAPAYA,1,839
PARDIS,1,839
PARINOOR,1,839
PARISA,1,839
PARISSA,1,839
PARKH,1,839
PATIENCE,1,839
PAU,1,839
PAULINE,1,839
PAWANN,1,839
PAYETON,1,839
PAYTON-LEE,1,839
PEACHES,1,839
PEPPER,1,839
PERRSHIANA,1,839
PETAL,1,839
PHILLIPA,1,839
PHILLIPPA,1,839
PHOENYX,1,839
PIERA,1,839
PIHU,1,839
PIN,1,839
PIXIE,1,839
POLLYANNA,1,839
POPPI,1,839
POPPIE,1,839
POPPY-FAYE,1,839
POPPY-JO,1,839
POPPY-WILLOW,1,839
PORPHYRIA,1,839
POSEY,1,839
PRABHNOOR,1,839
PRABINA,1,839
PRAGUNN,1,839
PRANIKA,1,839
PRANISHA,1,839
PRANSI,1,839
PRANVI,1,839
PRATHA,1,839
PREEA,1,839
PREET,1,839
PREET-AARSHI,1,839
PRESAYIS,1,839
PRIMROSE,1,839
PRINCESS,1,839
PRINCY,1,839
PRISCA,1,839
PRISHMA,1,839
PURITY,1,839
PYPAH,1,839
PYPER,1,839
QUAN,1,839
QUEEN,1,839
QUIN,1,839
QUINCY,1,839
QUORRA,1,839
RACHAEL,1,839
RAEGAN,1,839
RAELYN,1,839
RAHA,1,839
RAHAF,1,839
RAHILL,1,839
RAHIMA,1,839
RAHMA,1,839
RAIN,1,839
RAINE,1,839
RANA,1,839
RANDAH,1,839
RATIKA,1,839
RAVEN,1,839
RAVYA,1,839
RAYNA,1,839
RAYNE,1,839
RAYNER,1,839
RAZANNE,1,839
REAH,1,839
REANNA,1,839
REESE,1,839
REEVA,1,839
REHAN,1,839
REHAT,1,839
REHMAT,1,839
REID,1,839
REIGN,1,839
REMY,1,839
RENEE,1,839
RESHAEY,1,839
RETA,1,839
REUOF,1,839
REYAA,1,839
REYANNA,1,839
RHIANNA,1,839
RHODA,1,839
RHYTHM,1,839
RIA,1,839
RIAANA,1,839
RIDA,1,839
RIDHI,1,839
RIHANNA,1,839
RIJA,1,839
RIKKI,1,839
RINA,1,839
RINAYRA,1,839
RINN,1,839
RINZEN,1,839
RITA,1,839
RITWIKA,1,839
ROCIO,1,839
RODINA,1,839
ROHEE,1,839
ROLANA,1,839
ROMA,1,839
ROMANY,1,839
ROMILLY,1,839
RONEISHA,1,839
RONI,1,839
ROQAYA,1,839
RORI,1,839
ROSA,1,839
ROSALEE,1,839
ROSALIND,1,839
ROSANNA,1,839
ROSEANGEL,1,839
ROSELINE,1,839
ROSINA,1,839
ROSITA,1,839
ROSSANE,1,839
ROSSMARY,1,839
ROUDAIN,1,839
ROWAN,1,839
ROXANNE,1,839
ROYA,1,839
RUBEE,1,839
RUBY-GRACE,1,839
RUBY-MAE,1,839
RUHANI,1,839
RUN,1,839
RUQAYA,1,839
RUSHANI,1,839
RUSHDA,1,839
RUTHIE,1,839
RUTHU,1,839
RUTVI,1,839
RYDAH,1,839
RYLIE,1,839
SAANJHDEEP,1,839
SAANYA,1,839
SABINA,1,839
SABREEN,1,839
SABRIN,1,839
SACHI,1,839
SACHNEET,1,839
SADIA,1,839
SAFEERAH,1,839
SAFFI,1,839
SAFIA,1,839
SAFIYA,1,839
SAGA,1,839
SAGAL,1,839
SAHANA,1,839
SAHARA,1,839
SAHEJ,1,839
SAIEDAH,1,839
SAIGE,1,839
SAINA,1,839
SAIRAH,1,839
SAKEENA,1,839
SALLY,1,839
SAMAARA,1,839
SAMAIRA,1,839
SAMAIRAH,1,839
SAMANTA,1,839
SAMEEHA,1,839
SAMILA,1,839
SAMMI,1,839
SAMMIE,1,839
SAMPADA,1,839
SAMRAGYEE,1,839
SANIKA,1,839
SANJOT,1,839
SANNE,1,839
SAPHIRA,1,839
SAPHRON,1,839
SARAYA,1,839
SARGUN,1,839
SARI,1,839
SARI-ROSE,1,839
SARIA,1,839
SARIARNA,1,839
SARINA,1,839
SAVANNAH-ROSE,1,839
SAVANNE,1,839
SAVIANA,1,839
SAVINA,1,839
SAVVY,1,839
SAYA,1,839
SAYMI,1,839
SAYUNI,1,839
SCARLETTE,1,839
SCHYLER,1,839
SCOUT,1,839
SEAHANNA,1,839
SEANNA,1,839
SEDONA,1,839
SEDRA,1,839
SEETA,1,839
SEETHA,1,839
SEFIRA,1,839
SEHAJDEEP,1,839
SEJAL,1,839
SELAH-ROSE,1,839
SELEN,1,839
SELENA,1,839
SELIN,1,839
SELYNA,1,839
SENIMILI,1,839
SERA,1,839
SERAPHINA,1,839
SERAT,1,839
SERENE,1,839
SETIA,1,839
SEVANA,1,839
SHAGUNDEEP,1,839
SHAHAD,1,839
SHAHD,1,839
SHAHREEN,1,839
SHAILAH,1,839
SHAIQUORA,1,839
SHAKAYLA,1,839
SHAKIYAH,1,839
SHANIAH,1,839
SHANIKA,1,839
SHANTIQ,1,839
SHARANA,1,839
SHARDAE,1,839
SHARIFA,1,839
SHARLEE,1,839
SHARLIE-ANN,1,839
SHARNI,1,839
SHARON,1,839
SHAVAUN,1,839
SHAYAMBER,1,839
SHAYE,1,839
SHAYNA,1,839
SHEA,1,839
SHELBY,1,839
SHELBY-ROSE,1,839
SHENAE,1,839
SHENARA,1,839
SHERLYN,1,839
SHERYL,1,839
SHIDDAT,1,839
SHILOH,1,839
SHIVANGI,1,839
SHIVANI,1,839
SHIVANYA,1,839
SHIVARIA,1,839
SHIVIKA,1,839
SHIYA,1,839
SHONA,1,839
SHOURYA,1,839
SHRAVYAA,1,839
SHUBHKARMAN,1,839
SHUYI,1,839
SHYLENA,1,839
SIANA,1,839
SIARA,1,839
SIBEL,1,839
SIDRA,1,839
SIFT,1,839
SILVER,1,839
SILVIE,1,839
SIMLEEN,1,839
SIMONA,1,839
SIMONE,1,839
SIMRAT,1,839
SINEAD,1,839
SIQI,1,839
SITHEKA,1,839
SITTA,1,839
SIYANA,1,839
SKARLETTE,1,839
SKYE-LEE,1,839
SKYELAH,1,839
SMAIRA,1,839
SMARICA,1,839
SNIKITHA,1,839
SOCAINA,1,839
SOKHOM,1,839
SOLENN,1,839
SONIA,1,839
SORAYAH,1,839
SOWENNA,1,839
SREJA,1,839
SREYA,1,839
SRISAI,1,839
STACEY,1,839
STAMATOULA,1,839
STASIA,1,839
STAVROULINA,1,839
STELLAR,1,839
STORM,1,839
SUCDI,1,839
SUKAINA,1,839
SUM,1,839
SUMAYA,1,839
SUNNY,1,839
SUNNY-MAE,1,839
SURAHA,1,839
SURAIYA,1,839
SURAYABI,1,839
SUSSAN,1,839
SUVINYA,1,839
SUWANI,1,839
SVETLANA,1,839
SWAYE,1,839
SWETHA,1,839
SYBELLE,1,839
SYBIL-HOPE,1,839
SYDNEE,1,839
SYDNEY,1,839
SYLVANNA,1,839
SYNA,1,839
SYNOVAH,1,839
SYNTYCHE,1,839
TAABYA,1,839
TABEA,1,839
TABZ,1,839
TADIWANASHE,1,839
TAELYR,1,839
TAHANA,1,839
TAHMINA,1,839
TAHZARA,1,839
TALAYLA,1,839
TALEAH-ANNE,1,839
TALI,1,839
TALIAH,1,839
TALICIA,1,839
TAMARA,1,839
TAMAZIN,1,839
TAMEIKA,1,839
TAMIKA,1,839
TAMINA,1,839
TAMZEN,1,839
TANAEYAH,1,839
TANAYAH,1,839
TANISHA,1,839
TANYA,1,839
TANZEELA,1,839
TAQWA,1,839
TARAF,1,839
TARLEE,1,839
TARLIA,1,839
TARTEEL,1,839
TARYN,1,839
TASHARLA-ROSE,1,839
TASKEEN,1,839
TAVIAH,1,839
TAYA,1,839
TAYLAH,1,839
TAYLEE,1,839
TEGH,1,839
TEGHAN,1,839
TEHANNAH,1,839
TELEIGHA,1,839
TEMI,1,839
TEMPEST,1,839
TENAYA,1,839
TENAYHA,1,839
TENZI,1,839
TEODORA,1,839
TERESA,1,839
TESSIE-J,1,839
THALIA,1,839
THANH,1,839
THARULI,1,839
THELMA,1,839
THEONI,1,839
THERESA-JOSEPHINE,1,839
THIYA,1,839
THUSHI,1,839
TIA-REHANNAH,1,839
TIANYANG,1,839
TIERRA,1,839
TIJANA,1,839
TILDA,1,839
TILICIA,1,839
TILLEY,1,839
TISHA,1,839
TIYA,1,839
TOINETTA,1,839
TORI,1,839
TRICIA,1,839
TRIS,1,839
TRISCIA,1,839
TRISHA,1,839
TUNGAVIDYA,1,839
TWISHA,1,839
TWISHI,1,839
TYRAH,1,839
TZU-CHUAN,1,839
ULI,1,839
UNA,1,839
USHNEEK,1,839
UVARNAH,1,839
UYEN,1,839
UZRA,1,839
VAANI,1,839
VAEORA,1,839
VAIDA,1,839
VALARIE,1,839
VALENCIA,1,839
VALERIA,1,839
VAN,1,839
VANIA,1,839
VARIN,1,839
VASILIKI,1,839
VATHANA-TEPY,1,839
VAYDA,1,839
VEDANSHI,1,839
VEIDA,1,839
VELISA,1,839
VELVET,1,839
VERITY,1,839
VERONIKA,1,839
VERONIQUE,1,839
VEYA,1,839
VIANNA,1,839
VIANNAH,1,839
VIDYA,1,839
VIHANA,1,839
VISVITHA,1,839
VITTORIA,1,839
VIVIE,1,839
VY,1,839
VYLET,1,839
WAHAJ,1,839
WAJD,1,839
WEILAI,1,839
WENDY,1,839
WENDY-ROSE,1,839
WHISPER,1,839
WINDY,1,839
WINIFRID,1,839
WINTERLILY,1,839
WYNTAH,1,839
XARA,1,839
XENNIISA,1,839
XEORMENAS,1,839
XINDI,1,839
XYLA,1,839
YAHVENA,1,839
YAN-QI,1,839
YAR,1,839
YARA,1,839
YASAMIN,1,839
YASMEEN,1,839
YASMEENA,1,839
YASMINA,1,839
YASMINE,1,839
YAZMINE,1,839
YEJIN,1,839
YELINSA,1,839
YEMI,1,839
YESSICA,1,839
YEVGENIA,1,839
YILIA,1,839
YITONG,1,839
YOANN,1,839
YOLANDA,1,839
YSABEL,1,839
YSABELLA,1,839
YU-JIN,1,839
YUEYING,1,839
YUHAN,1,839
YUI,1,839
YUN,1,839
YUNARA,1,839
YUSRA,1,839
YUXIN,1,839
YVONNE,1,839
ZAARA,1,839
ZADIE,1,839
ZAELA,1,839
ZAHKEIRA,1,839
ZAHLEE,1,839
ZAHLEEHA,1,839
ZAHRI,1,839
ZAIA,1,839
ZAINA,1,839
ZAKIA,1,839
ZALIRA,1,839
ZAM,1,839
ZANTHENA-NEHYDRAH,1,839
ZANTHIA,1,839
ZANYA,1,839
ZARLIE,1,839
ZAYLEE,1,839
ZAYLIA-CRUZ,1,839
ZECHARIAH,1,839
ZEENAT,1,839
ZEEYA,1,839
ZEINAB,1,839
ZELLA,1,839
ZEMAYA,1,839
ZENNAH,1,839
ZENOVIA,1,839
ZERA,1,839
ZERKA,1,839
ZERYA,1,839
ZEVAH,1,839
ZHARAYA,1,839
ZHEN-YUE,1,839
ZHIANNA,1,839
ZHUOXI,1,839
ZIA,1,839
ZIENNA,1,839
ZIHAN,1,839
ZINNEERAH,1,839
ZIXI,1,839
ZIXIN,1,839
ZIYA,1,839
ZOELLE,1,839
ZOHA,1,839
ZOHHA,1,839
ZOHRA,1,839
ZOI,1,839
ZOLA,1,839
ZULAYHO,1,839
ZYMELIAH,1,839
,,
,,
TOTAL,,9030
